lhs,rhs,support,confidence,lift
time11,Fire_access_ldap,0.019235853213319064,0.14516780276939883,1.2393029810566858
time12,Fire_access_ldap,0.02519984893308995,0.16220651094949662,1.3847630723311495
time14,Fire_access_ldap,0.02745011644740983,0.15275089974518166,1.304040164567399
time15,Fire_access_ldap,0.031738213633788634,0.21326157294816758,1.8206220529447532
time16,Fire_access_ldap,0.03570057279536728,0.19428458877128077,1.6586148267333016
time17,Fire_access_ldap,0.03291685025492541,0.17816199642279193,1.5209756506993177
time18,Fire_access_ldap,0.016060300874929188,0.1347629170903041,1.1504760814711095
time11,Fire_access_redmine,0.001712091647258765,0.012920694487328693,4.119840909587374
time12,Fire_access_redmine,0.001746711147479071,0.0112432388631161,3.5849741258068337
time11,Fire_access_svn,0.007156794863725058,0.05401040305916442,1.4043014171285058
time15,Fire_access_svn,0.008573047145464845,0.05760568443758327,1.4977807923732835
time16,Fire_access_svn,0.014691257002580727,0.07995067310656664,2.0787632971548207
time17,Fire_access_svn,0.014184553408447159,0.07677369900349204,1.9961601506787416
time18,Fire_access_svn,0.005205513942216907,0.04367976971729629,1.1356990327706498
time19,Fire_access_svn,0.0032164662931956946,0.04982935153583618,1.2955916825822666
time10,Fire_httpdacc_ldap,0.0013312771448354,0.011333645924040459,2.63627573638698
time11,Fire_httpdacc_ldap,0.0013312771448354,0.010046790014963303,2.3369451386196483
time13,Fire_httpdacc_ldap,0.001203814439478819,0.006275584285608813,1.4597394955412477
time16,Fire_httpdacc_ldap,0.0013627494177629509,0.007416161408556846,1.7250447481367877
time11,Fire_ldap_access,0.01471486120727639,0.11104909388879651,1.1558534769949946
time12,Fire_ldap_access,0.019202807326745137,0.12360472418613132,1.2865386399875967
time14,Fire_ldap_access,0.02220368855038711,0.12355624830340022,1.286034079206027
time15,Fire_ldap_access,0.025387108957008877,0.17058599615116207,1.7755427790831144
time16,Fire_ldap_access,0.029423427959967267,0.1601240023293255,1.6666492121767578
time17,Fire_ldap_access,0.029130735821741045,0.15766970445447576,1.6411036752175165
time18,Fire_ldap_access,0.014256939636180525,0.11963080823419117,1.2451761721863237
time10,Fire_ldap_alfresco,0.0009850821426323408,0.008386362114006295,2.6821164550622654
time11,Fire_ldap_alfresco,0.0010857934160005036,0.008194190437736028,2.620656335869397
time15,Fire_ldap_alfresco,0.0011109712343425442,0.007465053820288874,2.3874647215486533
time18,Fire_ldap_alfresco,0.0009174167558381066,0.007698097262752036,2.4619964008725033
time10,Fire_ldap_httpdacc,0.0011943727576005539,0.010168129144617857,3.335902276108289
time11,Fire_ldap_httpdacc,0.0011943727576005539,0.00901360948150963,2.9571339975785955
time17,Fire_ldap_httpdacc,0.0015075218732296847,0.008159441274167447,2.676903325197692
time18,Fire_ldap_httpdacc,0.0007663498457858626,0.0064304860496745145,2.1096774779799485
time10,Fire_ldap_radius,0.0022361049915024865,0.019036774063902473,1.1892930772835966
time11,Fire_ldap_radius,0.003874236797381507,0.029237821532907392,1.826587773076287
time14,Fire_ldap_radius,0.003602001636558192,0.020043958353400643,1.2522153612287694
time15,Fire_ldap_radius,0.004892364826587776,0.03287372850889251,2.0537354495508273
time16,Fire_ldap_radius,0.00485145087178196,0.026401877162333436,1.6494165256704338
time17,Fire_ldap_radius,0.0037027129099263547,0.02004088237799165,1.252023194412715
time18,Fire_ldap_radius,0.002322653742053251,0.019489522401066904,1.2175778308523395
time19,Fire_ldap_radius,0.0020220935355951407,0.03132618235007314,1.9570548918427526
time10,Fire_ldap_redmine,0.0012258450305281047,0.010436064036439145,1.6367003884196318
time11,Fire_ldap_redmine,0.002350978787688047,0.017742203643445833,2.7825309899646986
time12,Fire_ldap_redmine,0.003074841065021716,0.019792152016692665,3.1040268419466575
time14,Fire_ldap_redmine,0.001578334487316674,0.008782914036024833,1.37743489921349
time15,Fire_ldap_redmine,0.0016806193743312142,0.01129274430604606,1.7710545783825644
time9,Fire_ldap_redmine,0.0012258450305281047,0.01753793507136746,2.7504953058125854
time11,Fire_ldap_svn,0.01349845785862655,0.10186922547086906,1.192079097730004
time12,Fire_ldap_svn,0.01550166803046516,0.09978121264915017,1.1676450605705173
time14,Fire_ldap_svn,0.020349971674954365,0.11324092154922547,1.3251512904171217
time15,Fire_ldap_svn,0.022058916094920375,0.14822255588216635,1.7345082370315636
time16,Fire_ldap_svn,0.026751431988418204,0.14558284520261705,1.7036182021795245
time17,Fire_ldap_svn,0.02727859255995468,0.14764500468443914,1.7277497021796775
time18,Fire_ldap_svn,0.012944545855101656,0.1086184358205802,1.2710587164213665
time11,Fire_radius_ldap,0.006418770063573991,0.04844072868916704,1.7045857615256588
time12,Fire_radius_ldap,0.008714672373638824,0.056094645787330595,1.97392023395165
time14,Fire_radius_ldap,0.005841253855353433,0.032504662912985226,1.14380991128766
time15,Fire_radius_ldap,0.005976584628941902,0.040159028908579524,1.4131601800113027
time17,Fire_radius_ldap,0.006050544470321647,0.03274848820373052,1.1523899044081438
time18,Fire_radius_ldap,0.00484515641719645,0.04065598880276762,1.4306477526099324
time19,Fire_radius_ldap,0.0020944797633285074,0.032447586543149685,1.1418014450656606
time11,Fire_redmine_access,0.0014902121231195316,0.011246229484834808,4.578317689316351
time12,Fire_redmine_access,0.0015264052369862151,0.009825172700200556,3.9998082943776097
time11,Fire_redmine_ldap,0.00579247183231573,0.043714224639574376,1.6181927811473598
time12,Fire_redmine_ldap,0.0074667967520614335,0.04806231387881612,1.77914832083125
time14,Fire_redmine_ldap,0.006465978472965318,0.03598105062215957,1.3319297518127782
time15,Fire_redmine_ldap,0.010450368225593252,0.07022014507158415,2.5993765824017183
time16,Fire_redmine_ldap,0.007359791024107761,0.04005240982427294,1.4826414280380362
time18,Fire_redmine_ldap,0.0037278907282683954,0.03128094753938177,1.157943527834003
time19,Fire_redmine_ldap,0.0021228048089633033,0.03288639687957094,1.2173733027919698
time11,Fire_svn_access,0.006497450745892868,0.049034510604945014,1.3891071148016432
time14,Fire_svn_access,0.007312582614716435,0.04069212514995753,1.152774237263508
time15,Fire_svn_access,0.008196953483980612,0.055078562818533634,1.5603301132276104
time16,Fire_svn_access,0.013883993201989048,0.07555749666015825,2.1404813649071577
time17,Fire_svn_access,0.013348964562220683,0.0722510859381654,2.046813484842428
time18,Fire_svn_access,0.004816831371561654,0.04041831170031558,1.1450173287855094
time19,Fire_svn_access,0.0028466670862969724,0.04410043881033642,1.2493289432592987
time11,Fire_svn_ldap,0.01668502549254107,0.12591739305987695,1.211585987246239
time12,Fire_svn_ldap,0.019656008056901868,0.126521888864129,1.2174024882711023
time14,Fire_svn_ldap,0.027306917605589474,0.1519540451317437,1.4621124795639344
time15,Fire_svn_ldap,0.029030024548372883,0.1950641825448855,1.8769212452853223
time16,Fire_svn_ldap,0.03250613709322087,0.17690028431473298,1.702146942588676
time17,Fire_svn_ldap,0.0321048656133946,0.1737671407886892,1.671999615837869
time18,Fire_svn_ldap,0.015753446213885566,0.13218808181374037,1.271922994231054
time11,Fire_svn_redmine,0.001008686347328004,0.007612284160273614,4.210143027128526
time12,access_Fire_ldap,0.01791401775036193,0.11530903713307539,1.2568236097169398
time14,access_Fire_ldap,0.022848870145401903,0.12714647238592283,1.3858470451229994
time15,access_Fire_ldap,0.025478378548498774,0.1711992725273331,1.8660054149129486
time16,access_Fire_ldap,0.027391892742493863,0.14906826979070326,1.6247861016859528
time17,access_Fire_ldap,0.028746774092024925,0.15559151690656672,1.6958869554531502
time18,access_Fire_ldap,0.01483602945804746,0.12448998455098834,1.3568923620133109
time11,access_Fire_redmine,0.0014256939636180526,0.010759328313896872,4.549127050509105
time12,access_Fire_redmine,0.0015090954868760623,0.009713753215971477,4.107049829464773
time11,access_Fire_svn,0.005384905897903946,0.04063843431584447,1.443135637833632
time14,access_Fire_svn,0.005779882923144709,0.032163153792940394,1.1421649048526272
time15,access_Fire_svn,0.006344810222194247,0.042633281874510966,1.5139758572570121
time16,access_Fire_svn,0.010831182728016617,0.05894392491350666,2.0931928138605875
time17,access_Fire_svn,0.010440926543714988,0.05651137041137893,2.006808922549488
time19,access_Fire_svn,0.002162145150122742,0.03349585568015602,1.1894912750838529
time19,access_alfresco_ldap,0.0007081261408698937,0.01097025841053145,15.491955143832278
time10,access_httpdacc_ldap,0.004288097186378801,0.036506129010650416,1.9269802195936645
time11,access_httpdacc_ldap,0.008327563416629949,0.06284587796594067,3.317326898396543
time12,access_httpdacc_ldap,0.006398313086171083,0.041184692988675733,2.1739387574087266
time13,access_httpdacc_ldap,0.005916787310379556,0.0308447018482211,1.628141135518527
time14,access_httpdacc_ldap,0.006930194498646692,0.0385642606327551,2.035618934039639
time15,access_httpdacc_ldap,0.0035768238182161518,0.024034089707530612,1.2686421901604414
time12,access_ldap_Fire,0.01313967394725247,0.08457751757389138,1.1357547253525029
time13,access_ldap_Fire,0.017009189903694846,0.08867031443548454,1.190715115640634
time14,access_ldap_Fire,0.022820545099767105,0.12698885279205596,1.705278113650777
time15,access_ldap_Fire,0.02035941335683263,0.13680292680863662,1.8370670483348985
time16,access_ldap_Fire,0.019026562598350852,0.10354365772616722,1.390442778602894
time17,access_ldap_Fire,0.020818908541574872,0.11268205433949408,1.5131583350941762
time18,access_ldap_Fire,0.01112387486624284,0.09334107984630215,1.2534367943859877
time10,access_ldap_alfresco,0.0011188393025744318,0.009525085404246767,1.548478197158029
time11,access_ldap_alfresco,0.0015594511235601436,0.011768757570719426,1.913228462788637
time14,access_ldap_alfresco,0.0024092024926040158,0.013406422122785663,2.1794610208717917
time15,access_ldap_alfresco,0.0012226978032353496,0.008215788694567216,1.3356278842731069
time17,access_ldap_alfresco,0.0017136652609051426,0.009275189506856315,1.5078530130000132
time18,access_ldap_alfresco,0.0013769119405803486,0.011553748035862833,1.8782746998797937
time10,access_ldap_httpdacc,0.002465852583873607,0.020992698774197866,2.2905975647368235
time11,access_ldap_httpdacc,0.00562566878579971,0.04245540697812507,4.6324797435540725
time12,access_ldap_httpdacc,0.003989110593567068,0.025677126592792174,2.8017342732121517
time10,access_ldap_maillog,0.0008104110278844338,0.006899323464398151,8.513363252729587
time9,access_ldap_maillog,0.0008104110278844338,0.011594398667206988,14.306812553469314
time10,access_ldap_radius,0.008714672373638824,0.07419117154531449,1.2657593882521598
time11,access_ldap_radius,0.009147416126392648,0.06903308552834715,1.1777584082784056
time13,access_ldap_radius,0.013234090766035123,0.06899041025094134,1.1770303346828879
time14,access_ldap_radius,0.014941461572354755,0.0831443357647615,1.4185073693027985
time15,access_ldap_radius,0.010267829042613457,0.06899359231924207,1.1770846232557977
time17,access_ldap_radius,0.01715868320010071,0.09287113533770547,1.584454174302112
time18,access_ldap_radius,0.015119279914395418,0.1268667555755087,2.164446032891008
time19,access_ldap_radius,0.004730282621010889,0.07328132618235007,1.2502367150547633
time10,access_ldap_redmine,0.009142695285453516,0.077835086074084,2.758191072233252
time11,access_ldap_redmine,0.01646944042298735,0.12429043061064532,4.404398753384982
time12,access_ldap_redmine,0.012080631963240385,0.07776067094787595,2.7555540720435068
time13,access_ldap_redmine,0.006747655315666897,0.035176085512013844,1.2465119512170055
time12,access_ldap_svn,0.08839145213067287,0.5689585316937787,1.2830894202092427
time13,access_ldap_svn,0.15719770881853087,0.8194846637845464,1.848064566314644
time14,access_ldap_svn,0.14503524894567885,0.8070736171069799,1.8200757379578536
time15,access_ldap_svn,0.08104110278844338,0.5445471271173896,1.2280379301627409
time17,access_ldap_svn,0.11036539308868887,0.5973511625926241,1.347119190902306
time18,access_ldap_svn,0.08681469125700259,0.7284671147320191,1.6428059266471609
time13,access_maillog_ldap,0.0014965065777050419,0.007801412621717623,4.552471710605248
time14,access_maillog_ldap,0.0017136652609051426,0.009535985428944212,5.564672195027978
time10,access_radius_ldap,0.021394851136149053,0.18214213946011118,1.5954415193057307
time11,access_radius_ldap,0.01944986466922641,0.14678288958031493,1.2857184891659228
time12,access_radius_ldap,0.02307389689683389,0.1485221724773616,1.3009534268689265
time13,access_radius_ldap,0.03246994397935419,0.1692685047702644,1.4826772169348663
time14,access_radius_ldap,0.026214829735003463,0.1458769341237664,1.2777829342509348
time17,access_radius_ldap,0.025234468433310255,0.136581211140448,1.1963587100515773
time18,access_radius_ldap,0.02856423490904513,0.2396841535394082,2.0994705080872667
time19,access_radius_ldap,0.010255240133442436,0.15887372013651876,1.3916259586259625
time10,access_radius_svn,0.0008135582551771889,0.006926116953580279,1.510435415806862
time11,access_radius_svn,0.0008591930509221376,0.006484098520295465,1.414040812517969
time12,access_radius_svn,0.0009394473468873922,0.006047039280432713,1.3187277014170833
time13,access_radius_svn,0.0011817838484295335,0.006160736991493097,1.3435226984742734
time14,access_radius_svn,0.0011660477119657582,0.0064886732808518465,1.4150384682620905
time17,access_radius_svn,0.0012337130987599924,0.006677455071970019,1.4562076695729265
time18,access_radius_svn,0.0008827972556178007,0.0074076030264217715,1.615437052584251
time11,access_redmine_Fire,0.001252596462516523,0.00945300809918533,4.638762615343857
time12,access_redmine_Fire,0.0011927991439541763,0.007677815367785589,3.7676433281238504
time11,access_redmine_ldap,0.03399162837540127,0.2565256632543999,1.9333356477769668
time12,access_redmine_ldap,0.03490432429030024,0.2246723254259263,1.69326924372523
time13,access_redmine_ldap,0.029810536916976143,0.15540479569486715,1.171226408854163
time14,access_redmine_ldap,0.03433939699125071,0.1910874876312402,1.4401531877738176
time15,access_redmine_ldap,0.030150437464593692,0.2025926787489162,1.5268634055356596
time17,access_redmine_ldap,0.028170831497450748,0.1524742355847032,1.1491399000150284
time18,access_redmine_ldap,0.02702838799018065,0.22679677287312003,1.709280390249058
time10,access_redmine_svn,0.00218889658211116,0.01863487172617054,2.1941983110147962
time11,access_redmine_svn,0.005082772077799459,0.03835831175925706,4.516572161714411
time12,access_redmine_svn,0.003696418455340845,0.023793124404918667,2.8015665549078586
time11,access_svn_Fire,0.006056838924907157,0.04570933187658836,1.4280907679908736
time14,access_svn_Fire,0.006539938314345062,0.03639261289503411,1.137009716938853
time15,access_svn_Fire,0.00734720211493674,0.04936874828176877,1.5424214433676704
time16,access_svn_Fire,0.012389060237930384,0.06742198472236495,2.106456384039748
time17,access_svn_Fire,0.011898092780260591,0.06439826249893536,2.011986620099481
time19,access_svn_Fire,0.002473720652105495,0.03832276938078986,1.1973133473994266
time11,access_svn_httpdacc,0.0009111223012525964,0.006875994584708927,2.248871352903154
time12,access_svn_ldap,0.09173538112922515,0.5904827502380325,1.2617010239175306
time13,access_svn_ldap,0.16088625920563984,0.838713382170778,1.7921023647712435
time14,access_svn_ldap,0.15186630578460378,0.8450862091612011,1.8057193626188943
time15,access_svn_ldap,0.08898942531629635,0.5979550404973883,1.2776672757130956
time17,access_svn_ldap,0.11592339648769434,0.6274337790648156,1.3406553217132995
time18,access_svn_ldap,0.09158588783281929,0.7685025022117176,1.642080811899822
time10,access_svn_radius,0.001159753257380248,0.009873400763614442,1.5784525074872215
time11,access_svn_radius,0.0012431547806382576,0.009381754269291973,1.4998533844150095
time12,access_svn_radius,0.0012950840309687165,0.008336203229139234,1.3327019944788427
time13,access_svn_radius,0.0015657455781456536,0.00816236126036702,1.304910021066172
time14,access_svn_radius,0.001537420532510858,0.008555241289328278,1.3677194300735431
time17,access_svn_radius,0.0015877761691949393,0.008593816540328762,1.373886423911477
time18,access_svn_radius,0.0011739157801976458,0.009850395468289913,1.57477466973305
time10,access_svn_redmine,0.002837225404418707,0.02415433049768906,2.0157050485451666
time11,access_svn_redmine,0.006719330270032102,0.050708975607438894,4.231718951938972
time12,access_svn_redmine,0.005070183168628438,0.03263577983509917,2.723491184452898
time18,alfresco_access_ldap,0.0023289481966387612,0.019542339534945136,8.391058059234416
time19,alfresco_access_ldap,0.001633410964939888,0.025304729400292544,10.865303675201288
time19,alfresco_ldap_Fire,0.0007065525272235161,0.010945880058508045,15.491955143832278
time18,alfresco_ldap_access,0.0011503115755019827,0.00965233121624655,8.391058059234416
time19,alfresco_ldap_access,0.0011503115755019827,0.017820575329107753,15.491955143832278
time18,alfresco_ldap_radius,0.0007144205954554037,0.005994744695179115,8.391058059234416
time19,alfresco_ldap_radius,0.0007144205954554037,0.01106777181862506,15.491955143832277
time18,alfresco_ldap_svn,0.0011503115755019827,0.00965233121624655,8.391058059234416
time19,alfresco_ldap_svn,0.0011503115755019827,0.017820575329107753,15.491955143832278
time18,alfresco_svn_ldap,0.0023289481966387612,0.019542339534945136,8.391058059234416
time19,alfresco_svn_ldap,0.001633410964939888,0.025304729400292544,10.865303675201288
time10,httpdacc_access_ldap,0.002151129854598099,0.018313349855984994,1.5568919821379723
time11,httpdacc_access_ldap,0.004587083779190533,0.03461748568985583,2.942972549323021
time12,httpdacc_access_ldap,0.003869515956442374,0.024907319247209448,2.1174720047112587
time14,httpdacc_access_ldap,0.003342355384905898,0.018599112076287883,1.581185784914973
time15,httpdacc_access_ldap,0.00247686787939825,0.01664305200160721,1.414893202137973
time19,httpdacc_access_ldap,0.0011865046893686662,0.018381277425646027,1.5626667797256906
time10,httpdacc_ldap_Fire,0.0013312771448354,0.011333645924040459,2.1289699414156757
time11,httpdacc_ldap_Fire,0.0021432617863662113,0.016174619385791986,3.0383231236426522
time12,httpdacc_ldap_Fire,0.0013375715994209101,0.008609687417701517,1.6172876618980079
time13,httpdacc_ldap_Fire,0.0015625983508528985,0.008145954504064773,1.530177702702655
time14,httpdacc_ldap_Fire,0.001962296217032794,0.010919535197330976,2.0511812672775314
time15,httpdacc_ldap_Fire,0.0009252848240699944,0.006217353606699516,1.1678994590556928
time10,httpdacc_ldap_access,0.004292818027317933,0.03654631924442361,2.2158625086772554
time11,httpdacc_ldap_access,0.00629130735821741,0.04747880198560672,2.8787166382800646
time12,httpdacc_ldap_access,0.0038380436835148235,0.024704738366792944,1.4978882871223718
time13,httpdacc_ldap_access,0.005485617171272109,0.028596976234813498,1.733880971061853
time14,httpdacc_ldap_access,0.0069947126581481715,0.03892328304100737,2.359981672254495
time15,httpdacc_ldap_access,0.0035453515452886007,0.02382261509505784,1.4444037248933645
time10,httpdacc_ldap_radius,0.0022943286964184554,0.019532453613771854,6.040138015805225
time11,httpdacc_ldap_radius,0.0024469692201170767,0.01846661758069496,5.710543133907558
time12,httpdacc_ldap_radius,0.0009394473468873922,0.006047039280432713,1.8699622977758543
time9,httpdacc_ldap_radius,0.0007868068231887706,0.011256697735152414,3.480976290381828
time11,httpdacc_ldap_redmine,0.001987474035374835,0.0149989311925516,7.546730636771726
time12,httpdacc_ldap_redmine,0.001987474035374835,0.012792982598302374,6.436804894354071
time10,httpdacc_ldap_svn,0.004270787436268647,0.0363587648201487,2.2146331705078213
time11,httpdacc_ldap_svn,0.006259835085289859,0.04724128921929553,2.877493958887945
time12,httpdacc_ldap_svn,0.0038175867061119154,0.024573060794522216,1.496759194258888
time13,httpdacc_ldap_svn,0.005468307421161956,0.02850673907515115,1.7363617892722183
time14,httpdacc_ldap_svn,0.0069726820670988855,0.03880069002355537,2.3633722319724884
time15,httpdacc_ldap_svn,0.0035296154088248254,0.023716877788821453,1.4446085974542566
time10,httpdacc_radius_ldap,0.0031881412475608987,0.027141804541496412,8.513363252729587
time11,httpdacc_radius_ldap,0.0011959463712469314,0.00902548511982519,2.8309552240604696
time9,httpdacc_radius_ldap,0.0019921948763139672,0.028501958665405912,8.939992444566707
time11,httpdacc_redmine_ldap,0.0011141184616352993,0.008407951927416097,7.546730636771725
time10,httpdacc_svn_ldap,0.0020126518537168753,0.01713443633197133,1.6462944663200998
time11,httpdacc_svn_ldap,0.0032621010889406434,0.024618198228154763,2.365342094047141
time12,httpdacc_svn_ldap,0.0026688487442563104,0.017178858659319736,1.650562609740627
time13,httpdacc_svn_ldap,0.002481588720337383,0.012936727344320392,1.2429742202553256
time14,httpdacc_svn_ldap,0.003331340089381255,0.018537815567561886,1.7811326030955894
time15,httpdacc_svn_ldap,0.002465852583873607,0.016569035887241738,1.5919702034509193
time18,httpdacc_svn_ldap,0.0015090954868760623,0.012662907847305666,1.2166653581502578
time19,httpdacc_svn_ldap,0.0011865046893686662,0.018381277425646027,1.7660922555865646
time11,ldap_Fire_access,0.011962610939762069,0.09027860247488301,1.1573348591059018
time13,ldap_Fire_access,0.01719959715490653,0.08966292319177038,1.1494421018318421
time14,ldap_Fire_access,0.023555422672625417,0.13107820558849026,1.680369128873208
time15,ldap_Fire_access,0.020614338767545794,0.1385158711696661,1.7757169678017273
time16,ldap_Fire_access,0.019865298671870084,0.10810810810810811,1.3859018486724204
time17,ldap_Fire_access,0.020996726883615535,0.11364449365471425,1.456876053089464
time18,ldap_Fire_access,0.011279662617234216,0.09464830390978833,1.2133526491011335
time14,ldap_Fire_alfresco,0.0011817838484295335,0.006576239721888983,5.448590376096494
time15,ldap_Fire_alfresco,0.0012069616667715743,0.008110051388330831,6.719394336709878
time10,ldap_Fire_httpdacc,0.001860011330018254,0.015834952106638087,2.6082932516138855
time11,ldap_Fire_httpdacc,0.002654686221438912,0.02003420183834881,3.2999830441249096
time14,ldap_Fire_httpdacc,0.0012431547806382576,0.0069177488419338165,1.1394740886656562
time16,ldap_Fire_httpdacc,0.0013942216906905017,0.007587435344089336,1.2497831551223149
time17,ldap_Fire_httpdacc,0.0014933593504122867,0.008082786815433098,1.3313761963378499
time10,ldap_Fire_radius,0.00323849688424498,0.027570500368410474,2.917652218837217
time11,ldap_Fire_radius,0.0032337760433058475,0.02440443673847469,2.5826030738660943
time17,ldap_Fire_radius,0.0028325045634795746,0.015330891746869944,1.6223938530059803
time18,ldap_Fire_radius,0.0016412790331717757,0.0137720676587485,1.4574310667412984
time10,ldap_Fire_redmine,0.000933152892301882,0.007944269542501171,1.383509018599245
time11,ldap_Fire_redmine,0.002261282809844527,0.017065292259458943,2.9719517470652153
time12,ldap_Fire_redmine,0.0030355007238622774,0.019538925916172033,3.402739556374076
time13,ldap_Fire_redmine,0.0017073708063196323,0.008900665293968055,1.550067081669175
time14,ldap_Fire_redmine,0.0017734625794674891,0.009868737904885332,1.7186586910924997
time15,ldap_Fire_redmine,0.0017734625794674891,0.01191659441284074,2.0752966340016537
time14,ldap_Fire_svn,0.023346132057657204,0.12991357192269634,1.8574364228279765
time15,ldap_Fire_svn,0.02035783974318625,0.136792353078013,1.9557856443408035
time16,ldap_Fire_svn,0.019141436394536412,0.1041688075908608,1.4893512238810318
time17,ldap_Fire_svn,0.020342103606722478,0.11010135422877097,1.5741716782977337
time18,ldap_Fire_svn,0.010621892113048405,0.08912891341951329,1.274318669422735
time11,ldap_access_Fire,0.015441870711902814,0.116535638790585,1.2658291354205005
time12,ldap_access_Fire,0.019190218417574116,0.12352369183396471,1.3417345085233128
time14,ldap_access_Fire,0.024955938817901428,0.13887161884079544,1.5084461975411714
time15,ldap_access_Fire,0.023810348083338578,0.15999111806627614,1.737849646327724
time16,ldap_access_Fire,0.027061433876754578,0.14726989346761207,1.599669627731405
time17,ldap_access_Fire,0.028037074337508655,0.15175027680776765,1.648336283088339
time10,ldap_access_alfresco,0.0017687417385283564,0.015057940920356352,1.8317420168583567
time11,ldap_access_alfresco,0.0025586957890098823,0.019309787901099683,2.348963249500541
time13,ldap_access_alfresco,0.00190092528482407,0.00990968080655614,1.205475489845003
time14,ldap_access_alfresco,0.002613772266633096,0.014544785856268443,1.7693186286258558
time18,ldap_access_alfresco,0.0020740227859255994,0.017403245612876816,2.1170395333213934
time19,ldap_access_alfresco,0.0011581796437338705,0.01794246708922477,2.1826338028063854
time10,ldap_access_httpdacc,0.0036759614779379368,0.031294795364726374,2.6860097998887515
time11,ldap_access_httpdacc,0.005057594259457418,0.0381683015462081,3.2759578966213296
time12,ldap_access_httpdacc,0.0024060552653112606,0.015487308307841906,1.3292645439583164
time13,ldap_access_httpdacc,0.0033439289985522755,0.017432178571135593,1.496191361208164
time14,ldap_access_httpdacc,0.0032857052936363066,0.01828387288855419,1.5692916725038382
time10,ldap_access_maillog,0.0008088374142380563,0.006885926719807087,4.635454143965051
time9,ldap_access_maillog,0.0008088374142380563,0.011571885271736682,7.789938191189859
time11,ldap_access_radius,0.009828790835274123,0.07417523691898438,1.372812195866618
time12,ldap_access_radius,0.01070844086359917,0.06892814456171627,1.2757006438163867
time13,ldap_access_radius,0.01581639075974067,0.08245215379693359,1.5259987970315516
time14,ldap_access_radius,0.015175930005665009,0.08444907573621485,1.5629572066883102
time17,ldap_access_radius,0.012193932145779568,0.0659994889702751,1.221497997752517
time18,ldap_access_radius,0.010703720022660037,0.08981553615993028,1.6622779857558392
time19,ldap_access_radius,0.006146534902750677,0.09522184300341298,1.7623362299571552
time10,ldap_access_redmine,0.010134071882671366,0.08627503516645454,2.3651291724937895
time11,ldap_access_redmine,0.018096556933341727,0.1365698406289338,3.743902434013841
time12,ldap_access_redmine,0.014263234090766035,0.09180965500476065,2.5168543014721236
time13,ldap_access_redmine,0.008584062440989488,0.04474942781437396,1.2267532197695683
time12,ldap_access_svn,0.09196040788065714,0.5919312035330105,1.2775192776303892
time13,ldap_access_svn,0.16006640649587714,0.8344394221540431,1.800905986124625
time14,ldap_access_svn,0.14724774973248567,0.8193854587168012,1.7684161826119318
time15,ldap_access_svn,0.08617737773021968,0.5790597838729461,1.2497398893365161
time17,ldap_access_svn,0.11539780952980425,0.6245890469295631,1.3480021720206719
time18,ldap_access_svn,0.09018065084660414,0.7567110770734026,1.6331509181941881
time1,ldap_alfresco,0.001982753194435702,0.0993455806985729,4.611550739395844
time2,ldap_alfresco,0.0016019386920123372,0.09996072270227808,4.640105190857829
time20,ldap_alfresco,0.0023887455152011077,0.07782619841066393,3.6126364182621415
time21,ldap_alfresco,0.0023887455152011077,0.044029352901934625,2.0438110432521124
time22,ldap_alfresco,0.0019953421036067224,0.03580909347641909,1.662232485200497
time23,ldap_alfresco,0.0008135582551771889,0.042582983279795726,1.976671600777545
time3,ldap_alfresco,0.0023887455152011077,0.14222805209406914,6.602124364115344
time6,ldap_alfresco,0.0023761566060300876,0.080169896469339,3.7214292044072717
time7,ldap_alfresco,0.002782148926795493,0.15363225582203682,7.131499337457119
time8,ldap_alfresco,0.0019953421036067224,0.08328954282711508,3.866240955133316
time10,ldap_alfresco_Fire,0.0009866557562787184,0.00839975885859736,3.848506675891457
time11,ldap_alfresco_Fire,0.0009866557562787184,0.007446025223855781,3.4115357673077664
time14,ldap_alfresco_Fire,0.0011817838484295335,0.006576239721888983,3.0130272663778017
time15,ldap_alfresco_Fire,0.0011959463712469314,0.008036035273965361,3.681859910525961
time10,ldap_alfresco_access,0.0011125448479889217,0.00947149842588251,1.3808093185776136
time11,ldap_alfresco_access,0.0015657455781456536,0.011816260123981662,1.7226421159871224
time14,ldap_alfresco_access,0.0023887455152011077,0.013292585749437385,1.937869326004237
time15,ldap_alfresco_access,0.001232139485113615,0.00827923107830905,1.2069937521550436
time17,ldap_alfresco_access,0.0017042235790268774,0.009224086534366748,1.344740195196004
time18,ldap_alfresco_access,0.0020818908541574872,0.017469267030224604,2.546769858308587
time19,ldap_alfresco_access,0.0011660477119657582,0.018064358849341787,2.633525753975618
time18,ldap_alfresco_redmine,0.0011282809844526973,0.009467471247672745,7.464502020435578
time19,ldap_alfresco_redmine,0.0011282809844526973,0.01747927840078011,13.78130501008405
time10,ldap_alfresco_svn,0.0011125448479889217,0.00947149842588251,1.3881337222508803
time11,ldap_alfresco_svn,0.001543714987096368,0.011650001187563831,1.7074129969264444
time14,ldap_alfresco_svn,0.0023887455152011077,0.013292585749437385,1.9481486144032447
time15,ldap_alfresco_svn,0.001217976962296217,0.008184067502696303,1.1994490813222893
time17,ldap_alfresco_svn,0.0017042235790268774,0.009224086534366748,1.3518732727996727
time18,ldap_alfresco_svn,0.0020818908541574872,0.017469267030224604,2.5602790157673274
time19,ldap_alfresco_svn,0.0011660477119657582,0.018064358849341787,2.6474951018403408
time10,ldap_httpdacc_Fire,0.001070057279536728,0.009109786321923772,6.556157431320633
time11,ldap_httpdacc_Fire,0.001070057279536728,0.008075434054580433,5.811751792757389
time10,ldap_httpdacc_access,0.0031377856108768176,0.026713108714582354,3.633485943052824
time11,ldap_httpdacc_access,0.004261345754390382,0.03215922855853502,4.374260822854845
time12,ldap_httpdacc_access,0.0014477245546673382,0.009318720499159291,1.267521511730682
time17,ldap_httpdacc_access,0.0016381318058790206,0.008866365726939784,1.2059927423278454
time18,ldap_httpdacc_access,0.0010905142569396361,0.009150568444403364,1.2446496650362693
time10,ldap_httpdacc_radius,0.0018678793982501417,0.015901935829593407,5.174276590368673
time11,ldap_httpdacc_radius,0.0030732674513753383,0.023193121630287625,7.546730636771725
time12,ldap_httpdacc_radius,0.0012053880531251967,0.007758847719952192,2.524624961124024
time10,ldap_httpdacc_svn,0.0024516900610562094,0.02087212807287829,3.147560500178618
time11,ldap_httpdacc_svn,0.003575250204569774,0.026981450252951095,4.068859042891638
time12,ldap_httpdacc_svn,0.0014414301000818279,0.009278204323075988,1.399172587382138
time17,ldap_httpdacc_svn,0.0016208220557688677,0.008772676944042246,1.3229380029425644
time18,ldap_httpdacc_svn,0.0010857934160005036,0.009110955593994692,1.3739511297749756
time10,ldap_maillog_access,0.0008088374142380563,0.006885926719807087,8.513363252729587
time9,ldap_maillog_access,0.0008088374142380563,0.011571885271736682,14.306812553469314
time10,ldap_maillog_svn,0.0008088374142380563,0.006885926719807087,8.513363252729587
time9,ldap_maillog_svn,0.0008088374142380563,0.011571885271736682,14.306812553469314
time20,ldap_radius,0.0034477874992131933,0.11233017175083312,1.2423609861850295
time10,ldap_radius_Fire,0.0021495562409517216,0.01829995311139393,1.7495493009220122
time11,ldap_radius_Fire,0.0024092024926040158,0.018181602261121532,1.7382344824578775
time14,ldap_radius_Fire,0.002316359287467741,0.012889780120666557,1.2323149497639814
time15,ldap_radius_Fire,0.0026609806760244225,0.017880178484572927,1.7094171541110883
time18,ldap_radius_Fire,0.0033643859759551835,0.028230758057913988,2.6989742937630785
time19,ldap_radius_Fire,0.0016223956694152452,0.02513408093612872,2.4029194754462284
time10,ldap_radius_access,0.009104928557940454,0.07751356420389845,1.4548072825627865
time11,ldap_radius_access,0.009178888399320198,0.06927059829465833,1.3000998199677922
time13,ldap_radius_access,0.012779316422232014,0.0666196339652669,1.2503454027658174
time14,ldap_radius_access,0.013136526719959716,0.07310046497780191,1.3719803740244414
time17,ldap_radius_access,0.016030402215648012,0.08676433012520227,1.6284295610609745
time18,ldap_radius_access,0.013525209290614968,0.11349081642084692,2.1300435340417554
time10,ldap_radius_httpdacc,0.0011880783030150438,0.0101145421662536,4.736616990280647
time11,ldap_radius_httpdacc,0.0021353937181343235,0.016115241194214185,7.546730636771725
time12,ldap_radius_httpdacc,0.0009473154151192799,0.006097684500536839,2.8555317217399785
time10,ldap_radius_redmine,0.0015484358280355008,0.01318239667760734,5.070913705015686
time11,ldap_radius_redmine,0.0017278277837225403,0.013039450870484286,5.015926294900336
time12,ldap_radius_redmine,0.0010511739157801976,0.006766201405911311,2.6027758289518887
time9,ldap_radius_redmine,0.0007537609366148423,0.010783916430276014,4.148282816653633
time10,ldap_radius_svn,0.008963303329766475,0.07630785719070265,1.4586727556114705
time11,ldap_radius_svn,0.0089475671933027,0.06752487946227109,1.2907806040393464
time13,ldap_radius_svn,0.012758859444829105,0.0665129900493023,1.2714377005333481
time14,ldap_radius_svn,0.014206583999496444,0.07905498296832722,1.5111857952326007
time17,ldap_radius_svn,0.01518851891483603,0.08220764841154928,1.5714509810062367
time18,ldap_radius_svn,0.012706930194498646,0.10662458901667701,2.0381961806135815
time7,ldap_redmine,0.00104330584754831,0.057612095933263816,1.6821196748757405
time11,ldap_redmine_Fire,0.00409611632152074,0.030912286535401273,5.223116151958735
time12,ldap_redmine_Fire,0.005400642034367722,0.03476287907947248,5.8737342189372965
time13,ldap_redmine_Fire,0.0018222446025051929,0.009499511899000009,1.6050916834821924
time10,ldap_redmine_access,0.008190659029395102,0.06973005559649004,2.8334328109506677
time11,ldap_redmine_access,0.013263989425316296,0.10009975536185069,4.067484656138428
time12,ldap_redmine_access,0.009130106376282495,0.05876871340882848,2.388026216320885
time13,ldap_redmine_access,0.006056838924907157,0.031574802503671014,1.2830203654346732
time14,ldap_redmine_access,0.005260590419840121,0.029273461238714875,1.1895069472458935
time11,ldap_redmine_httpdacc,0.0013060993264933593,0.009856779801914352,7.014318508981559
time12,ldap_redmine_httpdacc,0.0013596021904701957,0.008751494033993073,6.227770916821856
time11,ldap_redmine_radius,0.002465852583873607,0.018609125240481673,5.27463287592386
time12,ldap_redmine_radius,0.003029206269276767,0.01949840974008873,5.526694657284383
time10,ldap_redmine_svn,0.007743752753823881,0.06592538013262778,2.7851522780668994
time11,ldap_redmine_svn,0.01320419210675395,0.09964848110585943,4.209853528330777
time12,ldap_redmine_svn,0.009070309057720148,0.058383809736037115,2.4665432396660596
time13,ldap_redmine_svn,0.006033234720211494,0.031451751831404175,1.3287434685427952
time14,ldap_redmine_svn,0.005240133442437213,0.029159624865366596,1.2319078852176018
time11,ldap_svn_Fire,0.013194750424875685,0.09957722727596607,1.1743622668942713
time12,ldap_svn_Fire,0.014917857367659092,0.09602333731742399,1.1324495285887572
time14,ldap_svn_Fire,0.023632529741297918,0.13150728114957225,1.5509287919406534
time15,ldap_svn_Fire,0.021859067161830427,0.14687969209296425,1.7322230482376386
time16,ldap_svn_Fire,0.02638792723610499,0.14360463124721679,1.6935986761372823
time17,ldap_svn_Fire,0.027991439541763707,0.1515032791074014,1.7867512398331868
time12,ldap_svn_access,0.08240385220620633,0.5304175191945384,1.2188206465925109
time13,ldap_svn_access,0.15358941272738716,0.8006743176840222,1.8398306131961295
time14,ldap_svn_access,0.1421948763139674,0.7912678744997768,1.8182160044227098
time15,ldap_svn_access,0.07979637439415875,0.5361833061940915,1.2320695684033542
time17,ldap_svn_access,0.10934254421854346,0.5918150072395877,1.3599029513245628
time18,ldap_svn_access,0.08474696292566249,0.7111166862530205,1.6340404831608635
time10,ldap_svn_alfresco,0.0017687417385283564,0.015057940920356352,1.8685843187010458
time11,ldap_svn_alfresco,0.0024029080380185055,0.018134099707859293,2.250313939142828
time13,ldap_svn_alfresco,0.0018993516711776925,0.009901477428405017,1.2287035493463816
time14,ldap_svn_alfresco,0.0026090514256939634,0.0145185159239573,1.8016454792728736
time18,ldap_svn_alfresco,0.0020740227859255994,0.017403245612876816,2.1596200980415854
time19,ldap_svn_alfresco,0.0011581796437338705,0.01794246708922477,2.2265336820661115
time10,ldap_svn_httpdacc,0.0038836784792597723,0.03306316565074687,2.8996660927044746
time11,ldap_svn_httpdacc,0.0052511487379618554,0.03962900505902192,3.4754954643813485
time12,ldap_svn_httpdacc,0.0023855982879083526,0.015355630735571177,1.3467011067955799
time13,ldap_svn_httpdacc,0.0033281928620885,0.017350144789624367,1.5216215858281112
time14,ldap_svn_httpdacc,0.0030764146786680935,0.01711923922276027,1.501370982787703
time10,ldap_svn_maillog,0.0008088374142380563,0.006885926719807087,4.635454143965051
time9,ldap_svn_maillog,0.0008088374142380563,0.011571885271736682,7.789938191189859
time11,ldap_svn_radius,0.008110404733429848,0.06120703987839346,1.2801846329171402
time12,ldap_svn_radius,0.010377981997859885,0.06680104531734295,1.3971868570669483
time13,ldap_svn_radius,0.015570907030905771,0.08117242680535844,1.6977735505469893
time14,ldap_svn_radius,0.01458739850191981,0.08117409084142593,1.6978083549323422
time17,ldap_svn_radius,0.01107351922955876,0.059935269568179884,1.2535847383466725
time18,ldap_svn_radius,0.010223767860514887,0.08578822970171524,1.7943160389311785
time19,ldap_svn_radius,0.004428148800906402,0.06860068259385667,1.434827428981471
time10,ldap_svn_redmine,0.009666708629697237,0.08229620202290842,2.288434361419413
time11,ldap_svn_redmine,0.018030465160193868,0.1360710638196803,3.7837675419476846
time12,ldap_svn_redmine,0.014220746522313841,0.09153617081619837,2.5453728539044214
time13,ldap_svn_redmine,0.008573047145464845,0.0446920041673161,1.2427635237494437
time13,maillog_access_ldap,0.0014461509410209606,0.0075389045208817,5.2130827474754105
time14,maillog_access_ldap,0.0014461509410209606,0.008047355931312884,5.564672195027978
time13,maillog_ldap_access,0.0015059482595833071,0.007850632890624359,4.57699099938896
time14,maillog_ldap_access,0.0017152388745515202,0.009544742073047926,5.564672195027978
time13,maillog_ldap_svn,0.0015012274186441744,0.00782602275617099,4.575235456385962
time14,maillog_ldap_svn,0.0017105180336123875,0.009518472140736783,5.564672195027978
time13,maillog_svn_ldap,0.0014461509410209606,0.0075389045208817,5.2130827474754105
time14,maillog_svn_ldap,0.0014461509410209606,0.008047355931312884,5.564672195027978
time11,radius_access_ldap,0.0008009693460061686,0.006044699902619766,3.5468937157126583
time12,radius_access_ldap,0.0017042235790268774,0.010969754674553817,6.436804894354071
time10,radius_access_svn,0.0008670611191540253,0.007381606269676468,1.5517244962798553
time11,radius_access_svn,0.0009252848240699944,0.006982875329548963,1.4679052644465018
time13,radius_access_svn,0.0012337130987599924,0.006431448470480144,1.351987057234774
time14,radius_access_svn,0.0012305658714672374,0.006847695689104108,1.439488473870949
time17,radius_access_svn,0.001348586894945553,0.007299207903926411,1.5344031223245638
time18,radius_access_svn,0.0008985333920815762,0.007539645861117347,1.5849467918699476
time8,radius_ldap,0.005902624787562157,0.2463872832369942,1.3463304363091486
time10,radius_ldap_Fire,0.003822307547051048,0.03254069261169536,1.6626967388341372
time11,radius_ldap_Fire,0.0034682444766161013,0.02617390684749305,1.3373799407771074
time12,radius_ldap_Fire,0.004332158368477371,0.02788525818933209,1.424823017942973
time13,radius_ldap_Fire,0.004566626801787625,0.023806203394557877,1.2163999463836648
time15,radius_ldap_Fire,0.003465097249323346,0.02328335483325227,1.18968451631705
time17,radius_ldap_Fire,0.004912821803990684,0.026590580018737757,1.3586702412404494
time18,radius_ldap_Fire,0.005180336123874866,0.043468501181783366,2.2210632090536055
time19,radius_ldap_Fire,0.00161295398753698,0.0249878108239883,1.2767752691507666
time10,radius_ldap_access,0.019232705986026312,0.16373501239198876,1.5122494829570674
time11,radius_ldap_access,0.020074589286838296,0.15149751799159206,1.399224514690748
time12,radius_ldap_access,0.0230030842827469,0.14806636549642446,1.36753453885136
time13,radius_ldap_access,0.03159973563290741,0.1647320366526936,1.521457955847013
time14,radius_ldap_access,0.024819034430666582,0.13810979080377236,1.2755760462172991
time17,radius_ldap_access,0.02665858878328193,0.14428924282429095,1.3326491974417618
time18,radius_ldap_access,0.02720148549128218,0.22824924405477134,2.108100132431162
time10,radius_ldap_maillog,0.0008151318688235664,0.006939513698171344,8.513363252729587
time9,radius_ldap_maillog,0.0008151318688235664,0.011661938853617902,14.306812553469314
time10,radius_ldap_redmine,0.005635110467677976,0.047973742380601515,3.418135868149417
time11,radius_ldap_redmine,0.008958582488827343,0.06760800893048001,4.81708011157545
time12,radius_ldap_redmine,0.005315666897463335,0.03421591070234791,2.437888432910422
time14,radius_ldap_redmine,0.003084282746899981,0.017163022443278837,1.22286775448535
time10,radius_ldap_svn,0.017973815068924277,0.15301761671913724,1.4821759453811745
time11,radius_ldap_svn,0.01916818782652483,0.14465715032182977,1.401193882975892
time12,radius_ldap_svn,0.020958960156102473,0.13490873731337238,1.306767740571013
time13,radius_ldap_svn,0.03039434757978221,0.15844824898893364,1.5347787285840861
time14,radius_ldap_svn,0.024092024926040158,0.13406422122785663,1.2985874966600361
time17,radius_ldap_svn,0.026609806760244225,0.14402521079976152,1.3950727213826852
time18,radius_ldap_svn,0.027179454900232894,0.22806438408619756,2.209102136985898
time19,radius_ldap_svn,0.007694970730786177,0.11921014139444173,1.1547062868234588
time17,radius_svn_access,0.0011487379618556053,0.006217528319563921,1.5716447480176932
time18,radius_svn_access,0.0007694970730786178,0.006456894616613629,1.6321509112830666
time11,redmine_Fire_access,0.0012195505759425946,0.009203619694558582,4.222899814800064
time12,redmine_Fire_access,0.0012447283942846352,0.008012073820472825,3.676182434248427
time11,redmine_Fire_ldap,0.005515515830553283,0.04162411229603591,1.7716872660338179
time12,redmine_Fire_ldap,0.008456599735632907,0.05443348256791525,2.3169048561459333
time14,redmine_Fire_ldap,0.005439982375527161,0.030271718666538237,1.2884843789827005
time15,redmine_Fire_ldap,0.009032542330207088,0.060693213779685756,2.5833438374222846
time16,redmine_Fire_ldap,0.00627871844904639,0.03416915013873189,1.4543745164207196
time11,redmine_access_Fire,0.0009835085289859634,0.007422273947224663,4.408137054189092
time12,redmine_access_Fire,0.0010952350978787689,0.007049814638494419,4.186931034084517
time11,redmine_access_ldap,0.03235349656952225,0.2441631237679025,1.8695421583732157
time12,redmine_access_ldap,0.033862592056398313,0.21796689828413995,1.6689592563511246
time14,redmine_access_ldap,0.03380122112418959,0.1880927153477701,1.4402144582644643
time15,redmine_access_ldap,0.03517183861018443,0.23633345316894708,1.809590847769748
time17,redmine_access_ldap,0.027955246427897023,0.15130738437952473,1.1585514208918761
time18,redmine_access_ldap,0.027413923333543148,0.23003182232316163,1.7613396444311966
time10,redmine_access_svn,0.0022361049915024865,0.019036774063902473,2.157568964174914
time11,redmine_access_svn,0.0053314030339271104,0.04023466261311545,4.560071945315251
time12,redmine_access_svn,0.0039277396613583435,0.02528209387597999,2.8653941530778964
time11,redmine_httpdacc_ldap,0.0025240762887895766,0.019048523858157376,4.195825282974645
time12,redmine_httpdacc_ldap,0.0018678793982501417,0.01202317525271965,2.6483491887689024
time14,redmine_httpdacc_ldap,0.0013407188267136653,0.007460660776364066,1.643362464528193
time15,redmine_httpdacc_ldap,0.0020157990810096304,0.013544948928881088,2.9835508302687535
time11,redmine_ldap_Fire,0.005499779694089507,0.041505355912880314,2.011425575803949
time12,redmine_ldap_Fire,0.008030150437464594,0.05168851163827159,2.5049199554555655
time14,redmine_ldap_Fire,0.006048970856675269,0.03366053993467543,1.6312514236015818
time15,redmine_ldap_Fire,0.006588720337382766,0.04427221012117496,2.1455123989784384
time11,redmine_ldap_access,0.031190596084849247,0.23538702705270406,1.8322808980064722
time12,redmine_ldap_access,0.03266979291244414,0.21028908291635437,1.6369154855788342
time13,redmine_ldap_access,0.03040693648895323,0.15851387601414263,1.2338910547718875
time14,redmine_ldap_access,0.03298923648265878,0.18357428699025385,1.4289643045709903
time15,redmine_ldap_access,0.029994649713602318,0.201545879417176,1.5688573391316176
time18,redmine_ldap_access,0.026669604078806572,0.22378619624206092,1.7419786372510946
time19,redmine_ldap_access,0.009695033675332032,0.15019502681618724,1.1691361331873718
time18,redmine_ldap_alfresco,0.0011503115755019827,0.00965233121624655,8.391058059234416
time19,redmine_ldap_alfresco,0.0011503115755019827,0.017820575329107753,15.491955143832278
time11,redmine_ldap_httpdacc,0.0024391011518851893,0.018407239389117164,4.85169327540281
time12,redmine_ldap_httpdacc,0.0017970667841631523,0.011567368271782511,3.0488723307143717
time10,redmine_ldap_radius,0.0022565619689053945,0.019210931743586308,2.2188591247572202
time11,redmine_ldap_radius,0.0035012903631900295,0.0264232952521198,3.051885799130696
time12,redmine_ldap_radius,0.003293573361868194,0.021200089135587383,2.448606441999831
time13,redmine_ldap_radius,0.0025917416755838105,0.013510963814898976,1.5605138649749182
time9,redmine_ldap_radius,0.0007175678227481589,0.010266108334459002,1.185733646743367
time11,redmine_ldap_svn,0.02976804934852395,0.22465145001543832,1.8251512222837256
time12,redmine_ldap_svn,0.030608359035689557,0.19702003524907322,1.6006634193748457
time13,redmine_ldap_svn,0.02905205513942217,0.15145076742602603,1.2304418834796025
time14,redmine_ldap_svn,0.0328963932775225,0.18305764498813473,1.4872278121308105
time15,redmine_ldap_svn,0.028625605841253857,0.19234673377461037,1.5626957948719544
time18,redmine_ldap_svn,0.025942594574180147,0.21768581727912534,1.7685598532906144
time19,redmine_ldap_svn,0.009630515515830553,0.1491955143832277,1.212119376113905
time10,redmine_radius_ldap,0.003996978661798955,0.0340277312613035,3.229864475270074
time11,redmine_radius_ldap,0.00874299741927362,0.06598104648124836,6.262828292442674
time12,redmine_radius_ldap,0.005361301693208284,0.03450965297895185,3.275607808075328
time10,redmine_svn_access,0.0019654434443255493,0.0167325339942394,2.25136368889673
time11,redmine_svn_access,0.004393529300686095,0.03315678217704201,4.461247499018983
time12,redmine_svn_access,0.0031550953609869705,0.020308733261754756,2.732541565356746
time11,redmine_svn_ldap,0.031187448857556494,0.23536327577607297,1.8761277249715114
time12,redmine_svn_ldap,0.031244098948826085,0.20111216903348664,1.603105305654651
time14,redmine_svn_ldap,0.03367061119154025,0.18736591388716187,1.4935311577358021
time15,redmine_svn_ldap,0.033432995530937246,0.2246494808298264,1.790725923556083
time17,redmine_svn_ldap,0.02724082583244162,0.14744059279448088,1.175278441446987
time18,redmine_svn_ldap,0.027371435765090955,0.22967530666948358,1.8307877860856905
time11,svn_Fire_access,0.005384905897903946,0.04063843431584447,1.4003314303780958
time14,svn_Fire_access,0.00624724617611884,0.03476387709174336,1.1979041651806241
time15,svn_Fire_access,0.006900295839365519,0.046365808784655405,1.5976870277883535
time16,svn_Fire_access,0.011257632026184931,0.06126468673997191,2.1110770594033914
time17,svn_Fire_access,0.010870523069176056,0.0588365556596542,2.0274077860642583
time19,svn_Fire_access,0.0022077799458676906,0.03420282788883472,1.178571362476775
time12,svn_Fire_ldap,0.015256184301630263,0.09820108178190143,1.1949453019830485
time14,svn_Fire_ldap,0.022705671303581546,0.12634961777248488,1.5374665881981215
time15,svn_Fire_ldap,0.021308302385598287,0.14317888637469073,1.7422510476675181
time16,svn_Fire_ldap,0.02320135960219047,0.1262631452745521,1.5364143604295415
time17,svn_Fire_ldap,0.02857997104550891,0.15468869772591773,1.8823064803704466
time18,svn_Fire_ldap,0.014768364071253226,0.12392220036179737,1.5079289193840955
time11,svn_access_Fire,0.00467205891609492,0.03525877015889604,1.3737733452222718
time14,svn_access_Fire,0.005384905897903946,0.029965236122908252,1.1675234979390396
time15,svn_access_Fire,0.005998615219991188,0.040307061137310474,1.5704678854407148
time16,svn_access_Fire,0.010557373953546926,0.05745384167437399,2.2385510304862772
time17,svn_access_Fire,0.010060112041291622,0.05445021718763308,2.1215220121641365
time12,svn_access_ldap,0.08078932460502297,0.5200251200291717,1.217884173875737
time13,svn_access_ldap,0.15289230188204192,0.7970402211630749,1.8666457328878137
time14,svn_access_ldap,0.1457685529048908,0.8111542132593105,1.8997003045655207
time15,svn_access_ldap,0.0796169824384717,0.5349779009029966,1.2529031652287734
time17,svn_access_ldap,0.11009630515515831,0.5958947278766715,1.3955686570223305
time18,svn_access_ldap,0.08551173915780198,0.7175339680192255,1.680444328958287
time10,svn_access_radius,0.0008623402782148927,0.007341416035903275,1.5030035639483934
time11,svn_access_radius,0.0008277207779945867,0.006246585753984276,1.278859637545724
time13,svn_access_radius,0.001290363190029584,0.006726770083920559,1.3771674783923442
time14,svn_access_radius,0.0013076729401397369,0.007276771250186078,1.489768876954977
time17,svn_access_radius,0.0013627494177629509,0.007375862362660761,1.5100557391184473
time18,svn_access_radius,0.000988229369925096,0.008292290018882126,1.6976754063141795
time10,svn_access_redmine,0.0023415371058097814,0.019934355951503783,2.122279195855524
time11,svn_access_redmine,0.0052920626927676715,0.03993777165522647,4.251910727335117
time12,svn_access_redmine,0.00389784100207717,0.025089642039584307,2.671128450882063
time19,svn_alfresco_ldap,0.0007081261408698937,0.01097025841053145,15.491955143832278
time10,svn_httpdacc_ldap,0.004272361049915025,0.03637216156473977,2.2137516742803207
time11,svn_httpdacc_ldap,0.007057657204003273,0.05326223784528418,3.241747620526884
time12,svn_httpdacc_ldap,0.004612261597532574,0.029688228025039003,1.8069413988460672
time13,svn_httpdacc_ldap,0.005377037829672059,0.028030943142386033,1.706072574286321
time14,svn_httpdacc_ldap,0.006226789198715932,0.034650040718395086,2.1089366799852227
time15,svn_httpdacc_ldap,0.002876565745578146,0.01932877958001142,1.1764249446897481
time14,svn_ldap_Fire,0.02268364071253226,0.1262270247550329,1.9229234014462016
time15,svn_ldap_Fire,0.01941996600994524,0.13049040962632438,1.9878711616765339
time16,svn_ldap_Fire,0.017017057971926732,0.0926078169424177,1.410773475022596
time17,svn_ldap_Fire,0.01959148989740039,0.10603866791585044,1.6153770271404682
time18,svn_ldap_Fire,0.011029458047460187,0.0925488228381287,1.409874767761573
time12,svn_ldap_access,0.08675804116573299,0.5584445840001622,1.2801583034183563
time13,svn_ldap_access,0.15640775476804936,0.8153665679526829,1.8691170300508302
time14,svn_ldap_access,0.1452634229244036,0.8083433305020185,1.8530172128139166
time15,svn_ldap_access,0.08040693648895324,0.5402859136760633,1.2385320198793168
time17,svn_ldap_access,0.10836847737143576,0.5865428839110808,1.3445698367619965
time18,svn_ldap_access,0.08746144646566376,0.7338940752380072,1.6823524144791384
time10,svn_ldap_alfresco,0.0011188393025744318,0.009525085404246767,1.5800055527775347
time11,svn_ldap_alfresco,0.0014430037137282054,0.010889960335368026,1.8064087689688524
time14,svn_ldap_alfresco,0.0024029080380185055,0.013371395546370807,2.2180251740557875
time15,svn_ldap_alfresco,0.0012195505759425946,0.00819464123331994,1.3593136546463471
time17,svn_ldap_alfresco,0.0017136652609051426,0.009275189506856315,1.5385532309624252
time18,svn_ldap_alfresco,0.0013769119405803486,0.011553748035862833,1.9165167846071818
time10,svn_ldap_httpdacc,0.002450116447409832,0.020858731328287226,2.744938203458266
time11,svn_ldap_httpdacc,0.004406118209857116,0.03325178728356649,4.375822278517464
time12,svn_ldap_httpdacc,0.002779001699502738,0.017887891740777505,2.353985803153715
time18,svn_ldap_httpdacc,0.0010920878705860137,0.009163772727872922,1.2059213694571722
time10,svn_ldap_maillog,0.0008104110278844338,0.006899323464398151,8.513363252729587
time9,svn_ldap_maillog,0.0008104110278844338,0.011594398667206988,14.306812553469314
time10,svn_ldap_radius,0.00853842764524454,0.07269073615111528,1.3171050698366429
time11,svn_ldap_radius,0.008920815761314283,0.06732299361090659,1.2198453461410503
time13,svn_ldap_radius,0.013219928243217724,0.06891657984758123,1.2487200091680235
time14,svn_ldap_radius,0.014902121231195317,0.08292541966216867,1.5025503446314707
time17,svn_ldap_radius,0.017046956631207907,0.09226641682991228,1.6718026507491062
time18,svn_ldap_radius,0.015057908982186693,0.12635178852019596,2.2894056389374464
time19,svn_ldap_radius,0.004149619185497577,0.0642857142857143,1.1648119786235662
time10,svn_ldap_redmine,0.009082897966891169,0.07732600977962355,2.75551688974122
time11,svn_ldap_redmine,0.016360861081387297,0.12347101156687171,4.399896732491204
time12,svn_ldap_redmine,0.011992509599043242,0.07719344448270972,2.7507929176174715
time13,svn_ldap_redmine,0.0067161830427393465,0.03501201794899139,1.2476553112894662
time13,svn_maillog_ldap,0.0014965065777050419,0.007801412621717623,4.556655967692201
time14,svn_maillog_ldap,0.001712091647258765,0.009527228784840497,5.564672195027977
time14,svn_radius_access,0.0010779253477686157,0.005998301211043879,1.4683360761148552
time17,svn_radius_access,0.0011345754390382073,0.0061408738608295715,1.5032367184437505
time18,svn_radius_access,0.0008639138918612702,0.00724915162478708,1.7745342351770776
time10,svn_radius_ldap,0.019895197331151256,0.16937504186482683,1.5828828601047096
time11,svn_radius_ldap,0.01865676339145213,0.14079756786927297,1.3158140329940968
time12,svn_radius_ldap,0.021253225907975074,0.13680286854526671,1.2784818438969114
time13,svn_radius_ldap,0.03124095172153333,0.16286166643423763,1.5220125558556645
time14,svn_radius_ldap,0.026110971234342546,0.1452989956129213,1.3578818178517218
time17,svn_radius_ldap,0.025151066910052245,0.1361298015501235,1.272191742364924
time18,svn_radius_ldap,0.02852174734059294,0.23932763788573014,2.2366200579953204
time19,svn_radius_ldap,0.008231572984200918,0.12752315943442222,1.1917589575932974
time10,svn_redmine_access,0.0021086422861459056,0.017951637752026257,2.2861536590496288
time11,svn_redmine_access,0.004687795052558696,0.03537752654205163,4.505352819026648
time12,svn_redmine_access,0.0033470762258450307,0.021544476632295445,2.7437042104791804
time11,svn_redmine_ldap,0.03182948322527853,0.2402085362088212,1.874358062254196
time12,svn_redmine_ldap,0.032737458299238374,0.21072463180924988,1.644293823945753
time13,svn_redmine_ldap,0.029081953798703344,0.15160663161089738,1.1829933970541882
time14,svn_redmine_ldap,0.034163152262856426,0.1901067434916243,1.4834115097502139
time15,svn_redmine_ldap,0.029368351482344054,0.1973375346289678,1.5398336997300648
time17,svn_redmine_ldap,0.027417070560835904,0.14839451494761946,1.1579291055858696
time18,svn_redmine_ldap,0.026896204443884936,0.2256876130616772,1.7610506427852977
