"time","start","end"
"time1","2017-04-05 00:00:00","2017-04-05 02:00:00"
"time2","2017-04-05 01:00:00","2017-04-05 03:00:00"
"time3","2017-04-05 02:00:00","2017-04-05 04:00:00"
"time4","2017-04-05 03:00:00","2017-04-05 05:00:00"
"time5","2017-04-05 04:00:00","2017-04-05 06:00:00"
"time6","2017-04-05 05:00:00","2017-04-05 07:00:00"
"time7","2017-04-05 06:00:00","2017-04-05 08:00:00"
"time8","2017-04-05 07:00:00","2017-04-05 09:00:00"
"time9","2017-04-05 08:00:00","2017-04-05 10:00:00"
"time10","2017-04-05 09:00:00","2017-04-05 11:00:00"
"time11","2017-04-05 10:00:00","2017-04-05 12:00:00"
"time12","2017-04-05 11:00:00","2017-04-05 13:00:00"
"time13","2017-04-05 12:00:00","2017-04-05 14:00:00"
"time14","2017-04-05 13:00:00","2017-04-05 15:00:00"
"time15","2017-04-05 14:00:00","2017-04-05 16:00:00"
"time16","2017-04-05 15:00:00","2017-04-05 17:00:00"
"time17","2017-04-05 16:00:00","2017-04-05 18:00:00"
"time18","2017-04-05 17:00:00","2017-04-05 19:00:00"
"time19","2017-04-05 18:00:00","2017-04-05 20:00:00"
"time20","2017-04-05 19:00:00","2017-04-05 21:00:00"
"time21","2017-04-05 20:00:00","2017-04-05 22:00:00"
"time22","2017-04-05 21:00:00","2017-04-05 23:00:00"
"time23","2017-04-05 22:00:00","2017-04-06 00:00:00"
